[
  {
    "_id": "621f2fa8c6011f6373c275e2",
    "name": "Radish_2x2_field1",
    "plantType": "Radish",
    "density": 0.1,
    "depth": 6,
    "points": [
      {
        "x": 100,
        "y": 100
      },
      {
        "x": 200,
        "y": 200
      },
      {
        "x": 100,
        "y": 200
      },
      {
        "x": 200,
        "y": 100
      }
    ],
    "workingArea": {
      "start": {
        "x": 100,
        "y": 100
      },
      "end": {
        "x": 200,
        "y": 200
      }
    }
  },
  {
    "_id": "621f30b25596948890eb61cc",
    "name": "Radish_2x2_field2",
    "plantType": "Radish",
    "density": 0.2,
    "depth": 10,
    "points": [
      {
        "x": 300,
        "y": 100
      },
      {
        "x": 400,
        "y": 200
      },
      {
        "x": 300,
        "y": 200
      },
      {
        "x": 400,
        "y": 100
      },
      {
        "x": 350,
        "y": 100
      },
      {
        "x": 350,
        "y": 200
      },
      {
        "x": 300,
        "y": 150
      },
      {
        "x": 350,
        "y": 150
      },
      {
        "x": 400,
        "y": 150
      }
    ],
    "workingArea": {
      "start": {
        "x": 300,
        "y": 100
      },
      "end": {
        "x": 400,
        "y": 200
      }
    }
  }
]
