﻿[
  {"userId":"1 I am saddddd"},
  {"userId":"2 I am saddddd"},
  {"userId":"3 I am saddddd"},
  {"userId":"I am saddddd"},
  {"userId":"I am saddddd"},
  {"userId":"I am saddddd"},
  {"userId":"I am saddddd"},
  {"userId":"I am saddddd"},
  {"userId":"I am saddddd"},
  {"userId":"I am saddddd"},
  {"userId":"I am saddddd"},
  {"userId":"I am saddddd"},
  {"userId":"I am saddddd"},
  {"userId":"I am saddddd"},
  {"userId":"I am saddddd"},
  {"userId":"I am saddddd"},
  {"userId":"I am saddddd"},
  {"userId":"I am saddddd"},
  {"userId":"I am saddddd"},
  {"userId":"I am saddddd"},
  {"userId":"I am saddddd"},
  {"userId":"I am saddddd"},
  {"userId":"I am saddddd"},
  {"userId":"I am saddddd"},
  {"userId":"I am saddddd"},
  {"userId":"I am saddddd"},
  {"userId":"I am saddddd"},
  {"userId":"I want to be happy"}
]